time,open,high,low,close,Kalman
2023-07-13,0.89,0.95,0.779,0.8177,0.8177
2023-07-14,0.8173,0.8279,0.668,0.7186,0.7975513314481361
2023-07-15,0.7185,0.736,0.693,0.715,0.7834136580631803
2023-07-16,0.7146,0.7903,0.7028,0.7475,0.7780754188246469
2023-07-17,0.7474,0.765,0.7131,0.7377,0.7727488898913222
2023-07-18,0.7377,0.7845,0.729,0.7787,0.7734579245184924
2023-07-19,0.7787,0.8526,0.7701,0.8201,0.7785471729918096
2023-07-20,0.8201,0.8498,0.7669,0.7946,0.7801697941574867
2023-07-21,0.7946,0.7989,0.76,0.7716,0.7793595889296641
2023-07-22,0.7716,0.7799,0.725,0.7329,0.775217728398262
2023-07-23,0.7329,0.7522,0.7152,0.7382,0.7720840290653515
2023-07-24,0.7385,0.7428,0.6808,0.7022,0.7664323912830342
2023-07-25,0.7022,0.716,0.6746,0.7088,0.7619563600753658
2023-07-26,0.7091,0.7325,0.6929,0.7162,0.758527865076114
2023-07-27,0.716,0.7324,0.7065,0.7136,0.7552669009796386
2023-07-28,0.7137,0.7191,0.7025,0.712,0.7522140306706177
2023-07-29,0.712,0.7157,0.7042,0.7123,0.7494676270850438
2023-07-30,0.7122,0.7353,0.685,0.7049,0.7464687995408922
2023-07-31,0.7049,0.73,0.6856,0.6977,0.7432519032077822
2023-08-01,0.6976,0.708,0.674,0.7066,0.7408766828731391
2023-08-02,0.7067,0.7079,0.6761,0.6847,0.7372930865809283
2023-08-03,0.6846,0.6873,0.6531,0.6626,0.7325947020911977
2023-08-04,0.6625,0.6676,0.6265,0.6349,0.7265257884362992
2023-08-05,0.6347,0.6348,0.61,0.6285,0.7205037260447348
2023-08-06,0.6288,0.6383,0.6204,0.6229,0.7145667645486233
2023-08-07,0.6232,0.6287,0.599,0.623,0.7090460067487199
2023-08-08,0.623,0.648,0.6133,0.6418,0.7050233876692332
2023-08-09,0.6417,0.6661,0.6307,0.6431,0.7013450506559508
2023-08-10,0.6429,0.6442,0.6237,0.6324,0.6972751257941979
2023-08-11,0.6323,0.6402,0.6251,0.6309,0.6933786590711754
2023-08-12,0.631,0.6327,0.6228,0.6272,0.6895129474958944
2023-08-13,0.6272,0.6381,0.6231,0.6251,0.6857669685342316
2023-08-14,0.625,0.6364,0.6236,0.6336,0.6827450855608996
2023-08-15,0.6338,0.6343,0.59,0.6097,0.678528612591995
2023-08-16,0.6097,0.6159,0.575,0.5883,0.673336489809388
2023-08-17,0.5885,0.5942,0.444,0.5067,0.6637742172708387
2023-08-18,0.5064,0.5231,0.483,0.5062,0.6547543872700531
2023-08-19,0.5062,0.5245,0.5005,0.5199,0.6470521314311886
2023-08-20,0.52,0.5581,0.5159,0.5383,0.6408529409428043
2023-08-21,0.5384,0.5398,0.5025,0.5245,0.6342321148111899
2023-08-22,0.5244,0.5253,0.5034,0.5208,0.6277875801157318
2023-08-23,0.5208,0.5364,0.5156,0.5303,0.6222566318792677
2023-08-24,0.5302,0.5319,0.511,0.5183,0.6163659814927851
2023-08-25,0.5183,0.5313,0.5074,0.5256,0.6112284595942513
2023-08-26,0.5256,0.5279,0.5175,0.523,0.6062394862490172
2023-08-27,0.5228,0.5299,0.5177,0.5234,0.6015593503700067
2023-08-28,0.5234,0.5245,0.51,0.5227,0.5971075629132302
2023-08-29,0.5228,0.5498,0.5126,0.5398,0.5938746770136512
2023-08-30,0.5397,0.5405,0.5216,0.5284,0.5901833542257162
2023-08-31,0.5283,0.5287,0.4961,0.511,0.5857216355017025
2023-09-01,0.5109,0.5116,0.4865,0.4979,0.5807756179347691
2023-09-02,0.4979,0.5027,0.4942,0.4989,0.5761664990069303
2023-09-03,0.4991,0.5107,0.4972,0.5047,0.5721449272297421
2023-09-04,0.5046,0.5125,0.4965,0.5085,0.5685647408139705
2023-09-05,0.5085,0.5085,0.4988,0.5054,0.5650126700540912
2023-09-06,0.5055,0.5057,0.4909,0.5029,0.5615207294537794
2023-09-07,0.5029,0.5066,0.4962,0.5049,0.5583383279018096
2023-09-08,0.5048,0.5074,0.4942,0.5049,0.5553354551619614
2023-09-09,0.5048,0.5049,0.5012,0.5039,0.5524456962548345
2023-09-10,0.5038,0.5039,0.4924,0.4968,0.5493199419795596
2023-09-11,0.4968,0.498,0.4595,0.4743,0.5451065441426737
2023-09-12,0.4743,0.4867,0.4699,0.4803,0.5414672726223928
2023-09-13,0.4804,0.4895,0.4724,0.4834,0.538206853482785
2023-09-14,0.4833,0.4941,0.4799,0.4892,0.5354554703000834
2023-09-15,0.4892,0.5085,0.4876,0.5006,0.5334987774163589
2023-09-16,0.5005,0.5035,0.4972,0.4999,0.5316127965124653
2023-09-17,0.5,0.5006,0.4898,0.4927,0.5294286966579262
2023-09-18,0.4927,0.5075,0.4869,0.5032,0.5279566327323547
2023-09-19,0.5032,0.5167,0.5006,0.5141,0.5271789886721789
2023-09-20,0.5141,0.5256,0.5068,0.5213,0.5268490738007611
2023-09-21,0.5215,0.5215,0.5,0.5073,0.5257520799940927
2023-09-22,0.5071,0.5169,0.5039,0.5122,0.524991639935323
2023-09-23,0.5123,0.5137,0.5056,0.5077,0.5240214018420117
2023-09-24,0.5077,0.5117,0.4992,0.502,0.5227858184847113
2023-09-25,0.502,0.5071,0.4912,0.5054,0.5218103599340893
2023-09-26,0.5053,0.5072,0.4963,0.5016,0.5206764572587527
2023-09-27,0.5016,0.5067,0.4965,0.4989,0.519454718604201
2023-09-28,0.4988,0.51,0.4947,0.5098,0.518913065515259
2023-09-29,0.5099,0.5494,0.506,0.5214,0.5190525858464906
2023-09-30,0.5213,0.5216,0.5134,0.5151,0.5188308443689509
2023-10-01,0.5151,0.526,0.5138,0.524,0.5191208313671504
2023-10-02,0.5241,0.5266,0.507,0.5123,0.5187381914666821
2023-10-03,0.5124,0.5489,0.5056,0.5391,0.5198804488325739
2023-10-04,0.5391,0.5427,0.5196,0.5328,0.5206052022975445
2023-10-05,0.5328,0.5328,0.5159,0.523,0.5207395429583681
2023-10-06,0.5229,0.5299,0.517,0.5257,0.5210178066706019
2023-10-07,0.5257,0.5261,0.5201,0.5219,0.5210672941456915
2023-10-08,0.5219,0.5238,0.5156,0.5177,0.5208784038734464
2023-10-09,0.5177,0.5204,0.488,0.5029,0.5198699013104511
2023-10-10,0.503,0.503,0.4919,0.4964,0.5185533591711113
2023-10-11,0.4963,0.4976,0.4788,0.4888,0.5168843551166974
2023-10-12,0.4888,0.4888,0.4733,0.483,0.5149836325644206
2023-10-13,0.4828,0.4905,0.4784,0.4851,0.5133073346191017
2023-10-14,0.4851,0.4883,0.4835,0.4867,0.5118148230681177
2023-10-15,0.4867,0.4904,0.4851,0.4874,0.5104453024383825
2023-10-16,0.4875,0.5109,0.4848,0.4978,0.5097359810896955
2023-10-17,0.4978,0.4983,0.4844,0.4913,0.5087018418754844
2023-10-18,0.4912,0.4925,0.4861,0.488,0.50754060505613
2023-10-19,0.488,0.5252,0.4773,0.5201,0.5082451029328655
2023-10-20,0.5201,0.5317,0.5086,0.515,0.5086240067309251
2023-10-21,0.515,0.5329,0.5112,0.5211,0.5093238240536163
2023-10-22,0.5212,0.5243,0.512,0.5229,0.5100853530084138
2023-10-23,0.5228,0.554,0.52,0.5479,0.5122064888596839
2023-10-24,0.5479,0.587,0.5358,0.5591,0.5148368823087321
2023-10-25,0.5588,0.5641,0.5404,0.5556,0.5171234019455657
2023-10-26,0.5555,0.5695,0.5429,0.5536,0.5191694766966795
2023-10-27,0.5534,0.5588,0.5354,0.5431,0.5205118058759745
2023-10-28,0.5432,0.5506,0.5405,0.5449,0.5218798061407681
2023-10-29,0.5448,0.5616,0.5407,0.5564,0.5238161367000184
2023-10-30,0.5565,0.5842,0.5497,0.5785,0.52688350006874
2023-10-31,0.5785,0.6224,0.563,0.5999,0.5309791878157435
2023-11-01,0.5998,0.617,0.5802,0.6091,0.535361187989299
2023-11-02,0.609,0.6264,0.5867,0.6053,0.539284236919979
2023-11-03,0.6055,0.6154,0.5915,0.6124,0.5433854878534942
2023-11-04,0.6124,0.6183,0.609,0.6154,0.5474249655626909
2023-11-05,0.6154,0.6633,0.6144,0.6614,0.5538181142805503
2023-11-06,0.6614,0.7333,0.6591,0.7149,0.5628536035619878
2023-11-07,0.7147,0.7156,0.6478,0.6855,0.569733147817404
2023-11-08,0.6852,0.6993,0.6727,0.6873,0.576327766417861
2023-11-09,0.6871,0.7073,0.6238,0.6668,0.5814025792689387
2023-11-10,0.667,0.671,0.6362,0.6596,0.5857888666350887
2023-11-11,0.6598,0.6877,0.6405,0.6628,0.5901086116125001
2023-11-12,0.6629,0.6711,0.6461,0.6616,0.5941187399543132
2023-11-13,0.6617,0.7471,0.6389,0.6702,0.5983863250603721
2023-11-14,0.6701,0.6727,0.5939,0.6295,0.6001315674884258
2023-11-15,0.6296,0.6507,0.6052,0.6484,0.6028390621610459
2023-11-16,0.6483,0.6532,0.5977,0.6119,0.6033473123316151
2023-11-17,0.612,0.6244,0.5861,0.6135,0.6039168013823418
2023-11-18,0.6134,0.6148,0.5895,0.6111,0.6043197245144163
2023-11-19,0.6109,0.629,0.6017,0.6272,0.6056031349078724
2023-11-20,0.6273,0.6286,0.607,0.6126,0.6059956060979591
2023-11-21,0.6126,0.618,0.5734,0.5788,0.604470138435958
2023-11-22,0.579,0.6166,0.5778,0.6116,0.6048700696894271
2023-11-23,0.6117,0.624,0.606,0.6208,0.605763618143775
2023-11-24,0.6211,0.6258,0.6156,0.6216,0.6066519192113711
2023-11-25,0.6216,0.6241,0.6161,0.623,0.6075689226884119
2023-11-26,0.6231,0.638,0.607,0.616,0.6080418422392786
2023-11-27,0.6162,0.617,0.5939,0.6039,0.6078095162793541
2023-11-28,0.6041,0.6142,0.5958,0.6109,0.6079828689909859
2023-11-29,0.6108,0.618,0.604,0.6092,0.6080511408138812
2023-11-30,0.6091,0.6099,0.5981,0.6065,0.6079641335742803
2023-12-01,0.6065,0.6145,0.6031,0.6129,0.6082409982554892
2023-12-02,0.6128,0.6232,0.6113,0.621,0.6089566815020329
2023-12-03,0.6211,0.6345,0.6172,0.6233,0.609761232895976
2023-12-04,0.6233,0.645,0.585,0.6245,0.6105879659499096
2023-12-05,0.6244,0.6305,0.6076,0.6212,0.6111832205721011
2023-12-06,0.6212,0.6439,0.6104,0.6401,0.6128052325635525
2023-12-07,0.64,0.6546,0.6218,0.6434,0.6145213669431204
2023-12-08,0.6435,0.6759,0.6375,0.6723,0.6177623099639481
2023-12-09,0.6724,0.7008,0.652,0.6585,0.6200473853372187
2023-12-10,0.6586,0.6715,0.6469,0.6616,0.6223781717888702
2023-12-11,0.6616,0.6629,0.6,0.6185,0.6221606357734454
2023-12-12,0.6185,0.6261,0.606,0.6189,0.6219777388442133
2023-12-13,0.6191,0.6351,0.5933,0.6276,0.622293105039247
2023-12-14,0.6281,0.6384,0.6051,0.6318,0.6228263697166183
2023-12-15,0.6317,0.6444,0.6121,0.6156,0.622421025203917
2023-12-16,0.6155,0.6254,0.61,0.62,0.6222852240592677
2023-12-17,0.6198,0.623,0.608,0.6098,0.6215848977214414
2023-12-18,0.6098,0.6144,0.5785,0.6125,0.6210753038920861
2023-12-19,0.6126,0.6166,0.5967,0.6044,0.6201399458713102
2023-12-20,0.6045,0.6266,0.6008,0.617,0.619963818733231
2023-12-21,0.617,0.625,0.6103,0.6241,0.620195827117443
2023-12-22,0.6242,0.6317,0.6156,0.6249,0.6204596955211323
2023-12-23,0.6249,0.6254,0.611,0.6199,0.6204283008493711
2023-12-24,0.6198,0.6299,0.6049,0.6127,0.6199948018145435
2023-12-25,0.6127,0.6489,0.6086,0.6463,0.6214703238260393
2023-12-26,0.6462,0.647,0.6,0.622,0.6215000346401356
2023-12-27,0.6218,0.6427,0.6128,0.6348,0.6222460617741766
2023-12-28,0.6347,0.6584,0.6247,0.635,0.6229614609289275
2023-12-29,0.635,0.6367,0.6122,0.623,0.6229636226783705
2023-12-30,0.6228,0.6297,0.6159,0.6206,0.6228310413819416
2023-12-31,0.6206,0.6283,0.6078,0.6154,0.622414216349404
2024-01-01,0.6154,0.6312,0.6083,0.6299,0.622834112007654
2024-01-02,0.6298,0.641,0.6216,0.6247,0.6229387741650277
2024-01-03,0.6248,0.6397,0.4869,0.5826,0.6206760750394749
2024-01-04,0.5826,0.5947,0.5699,0.5874,0.6188095397410652
2024-01-05,0.5876,0.5893,0.5524,0.5763,0.6164250771404461
2024-01-06,0.5764,0.5764,0.5573,0.5684,0.6137312347463256
2024-01-07,0.5682,0.5733,0.5462,0.5515,0.6102405347131682
2024-01-08,0.5515,0.5824,0.5446,0.5782,0.6084433038527686
2024-01-09,0.5782,0.5793,0.5535,0.567,0.6061186489961389
2024-01-10,0.567,0.6149,0.5491,0.6006,0.605809094665365
2024-01-11,0.6009,0.6241,0.5857,0.6019,0.6055898241185751
2024-01-12,0.6019,0.6035,0.5545,0.5697,0.6035766773335748
2024-01-13,0.5697,0.5775,0.5629,0.5746,0.6019513056233136
2024-01-14,0.5745,0.5927,0.5714,0.5758,0.6004844158259208
2024-01-15,0.5761,0.5892,0.5684,0.5752,0.5990661519679115
2024-01-16,0.5754,0.5798,0.5657,0.5755,0.5977442696734447
2024-01-17,0.5757,0.5762,0.5606,0.568,0.5960758418582303
2024-01-18,0.568,0.5684,0.5423,0.5516,0.5935810846336588
2024-01-19,0.5517,0.5533,0.5213,0.5438,0.590788743548203
2024-01-20,0.5438,0.5548,0.5386,0.5531,0.5886746910353078
2024-01-21,0.553,0.5549,0.545,0.5462,0.586292183186527
2024-01-22,0.546,0.5493,0.5168,0.527,0.5829663416473592
2024-01-23,0.5269,0.5313,0.4957,0.5179,0.5793166136357379
2024-01-24,0.5179,0.5191,0.5105,0.518,0.5758772169109143
2024-01-25,0.5181,0.5182,0.5035,0.5136,0.5723839376319582
2024-01-26,0.5136,0.5368,0.5081,0.5321,0.5701243144249221
2024-01-27,0.5321,0.5347,0.5262,0.5303,0.567890472591998
2024-01-28,0.5305,0.5355,0.5208,0.5241,0.5654341593830837
2024-01-29,0.524,0.5399,0.5192,0.5351,0.563732643232137
2024-01-30,0.5351,0.5392,0.5078,0.5109,0.560769132866802
2024-01-31,0.5107,0.5143,0.4853,0.5029,0.557523113652352
2024-02-01,0.5028,0.5105,0.4896,0.5058,0.5546218394768533
2024-02-02,0.5058,0.5139,0.4985,0.5103,0.5521357206181187
2024-02-03,0.5104,0.5268,0.505,0.5186,0.5502546211769999
2024-02-04,0.5186,0.519,0.5001,0.5028,0.5475927770380173
2024-02-05,0.5028,0.5136,0.4966,0.5062,0.545270956354987
2024-02-06,0.5062,0.5109,0.498,0.505,0.5430120612993595
2024-02-07,0.5049,0.5155,0.499,0.5138,0.541373486336009
2024-02-08,0.5137,0.5193,0.5101,0.5148,0.5398829154052999
2024-02-09,0.5147,0.5286,0.5141,0.5264,0.539126626166088
2024-02-10,0.5264,0.5284,0.519,0.5241,0.5382837464676392
2024-02-11,0.5242,0.5362,0.5218,0.5263,0.5376115492294
2024-02-12,0.5263,0.5382,0.5144,0.5318,0.5372855654185417
2024-02-13,0.5319,0.5341,0.5143,0.5248,0.5365852199452112
2024-02-14,0.525,0.5424,0.5206,0.5384,0.5366870153348354
2024-02-15,0.5384,0.5794,0.5376,0.5627,0.5381461463751428
2024-02-16,0.5628,0.5796,0.5527,0.5647,0.5396356160597047
2024-02-17,0.5644,0.5659,0.5395,0.5498,0.5402057608663748
2024-02-18,0.5498,0.5627,0.5472,0.5574,0.5411702272033658
2024-02-19,0.5572,0.5681,0.5536,0.5629,0.5423891025609735
2024-02-20,0.5628,0.5752,0.5451,0.5624,0.543511562054696
2024-02-21,0.5624,0.5631,0.5329,0.5492,0.543830640256741
2024-02-22,0.5491,0.5516,0.5362,0.5408,0.5436606443363383
2024-02-23,0.5409,0.5434,0.5253,0.5341,0.5431243647399786
2024-02-24,0.534,0.5479,0.5313,0.545,0.5432295736448155
2024-02-25,0.5449,0.5488,0.5415,0.5426,0.5431942593408583
2024-02-26,0.5427,0.5532,0.5287,0.551,0.5436321021580055
2024-02-27,0.551,0.5975,0.548,0.5865,0.5460366659240752
2024-02-28,0.5865,0.6069,0.528,0.5758,0.5477061631067957
2024-02-29,0.5757,0.6262,0.568,0.5872,0.5499214676576838
2024-03-01,0.5873,0.604,0.5831,0.6017,0.5528258504009046
2024-03-02,0.6018,0.6518,0.6,0.6448,0.5579849022479502
2024-03-03,0.6447,0.645,0.5867,0.627,0.5618561255110478
2024-03-04,0.627,0.6659,0.6167,0.6488,0.566733017096634
2024-03-05,0.6486,0.6699,0.5364,0.5921,0.5681559123402642
2024-03-06,0.5922,0.6242,0.576,0.612,0.5706152329472903
2024-03-07,0.6125,0.6403,0.6066,0.6282,0.5738453013971707
2024-03-08,0.6282,0.6348,0.6014,0.6211,0.576495931396696
2024-03-09,0.6213,0.6339,0.6174,0.6211,0.5789978811675427
2024-03-10,0.6212,0.6289,0.5975,0.6085,0.580652726157331
2024-03-11,0.6085,0.785,0.5832,0.7229,0.5886317187770265
2024-03-12,0.7229,0.7332,0.6586,0.6882,0.5942167437801241
2024-03-13,0.6882,0.7029,0.6692,0.6897,0.5995726298797437
2024-03-14,0.6896,0.708,0.6379,0.6689,0.6034613692530134
2024-03-15,0.6688,0.6754,0.5951,0.6345,0.6052024009013913
2024-03-16,0.6344,0.6475,0.5926,0.6025,0.605050816717982
2024-03-17,0.6026,0.6247,0.5865,0.6188,0.6058220415644796
2024-03-18,0.6187,0.6699,0.5944,0.6454,0.6080420646955291
2024-03-19,0.6452,0.649,0.5713,0.5844,0.6067159242738257
2024-03-20,0.5844,0.6188,0.5683,0.6108,0.6069450099300714
2024-03-21,0.6109,0.655,0.5974,0.6403,0.6088159717587821
2024-03-22,0.6403,0.6453,0.5986,0.6117,0.6089777438576773
2024-03-23,0.6115,0.6331,0.6034,0.6166,0.6094052945858006
2024-03-24,0.6168,0.6357,0.6136,0.6325,0.610700732305455
2024-03-25,0.6326,0.663,0.6267,0.6406,0.6123778543326424
2024-03-26,0.6405,0.6531,0.6254,0.6318,0.6134672893197042
2024-03-27,0.6317,0.6348,0.6057,0.6116,0.6133625485587865
2024-03-28,0.6115,0.6379,0.6029,0.6246,0.613992884309282
2024-03-29,0.6244,0.6453,0.6088,0.6305,0.614918808235348
2024-03-30,0.6303,0.6373,0.618,0.6216,0.6152935723931472
2024-03-31,0.6215,0.6301,0.6207,0.6291,0.6160680082118694
2024-04-01,0.6292,0.6337,0.5945,0.6111,0.6157893406508945
2024-04-02,0.6112,0.6186,0.5791,0.5856,0.6140959477320737
2024-04-03,0.5856,0.5933,0.5662,0.5744,0.6118693062968495
2024-04-04,0.5744,0.62,0.5623,0.5937,0.6108501460913066
2024-04-05,0.5937,0.5943,0.5689,0.5872,0.6095235523646262
2024-04-06,0.5873,0.599,0.5856,0.5931,0.608602315707034
2024-04-07,0.5931,0.6031,0.5895,0.5945,0.6078112828112374
2024-04-08,0.5945,0.6265,0.5883,0.6147,0.6081976875705234
2024-04-09,0.6147,0.6429,0.6015,0.6137,0.6085063255435406
2024-04-10,0.6138,0.6204,0.592,0.6171,0.6089883654674827
2024-04-11,0.6172,0.6214,0.603,0.6086,0.6089665811118667
2024-04-12,0.6085,0.6158,0.5001,0.5474,0.605513163109253
2024-04-13,0.5474,0.5492,0.4315,0.4801,0.5984784363561256
2024-04-14,0.4801,0.5076,0.4641,0.5039,0.5931733037846444
2024-04-15,0.504,0.5194,0.4814,0.4979,0.5878291944234221
2024-04-16,0.4978,0.5023,0.476,0.4968,0.5827231473909569
2024-04-17,0.4966,0.528,0.4718,0.4952,0.5778137629913886
2024-04-18,0.4952,0.5065,0.4856,0.503,0.573617278611522
2024-04-19,0.503,0.511,0.4669,0.5033,0.5696730128838117
2024-04-20,0.5031,0.5306,0.4983,0.5291,0.5673971747491807
2024-04-21,0.5291,0.5369,0.5179,0.5246,0.5649965780119462
2024-04-22,0.5247,0.572,0.5222,0.5561,0.5644975474971238
2024-04-23,0.5562,0.5645,0.5419,0.5445,0.5633758368338467
2024-04-24,0.5445,0.5519,0.521,0.5273,0.5613522561488158
2024-04-25,0.5272,0.5326,0.5135,0.5252,0.5593243889201228
2024-04-26,0.5254,0.5361,0.5142,0.5258,0.5574439251013992
2024-04-27,0.5258,0.5264,0.5077,0.5177,0.5552145924998322
2024-04-28,0.5176,0.5249,0.5084,0.5104,0.5527008339359529
2024-04-29,0.5104,0.5174,0.4986,0.5148,0.5505748847624773
2024-04-30,0.515,0.5197,0.4878,0.5003,0.5477548452380704
2024-05-01,0.5002,0.5209,0.478,0.5169,0.5460241225620881
2024-05-02,0.5167,0.5247,0.5062,0.5181,0.5444577911884507
2024-05-03,0.5181,0.537,0.5146,0.5319,0.5437533943975283
2024-05-04,0.5319,0.5411,0.5275,0.5303,0.5429987610628582
2024-05-05,0.5303,0.5334,0.5241,0.5297,0.5422528014848286
2024-05-06,0.5297,0.57,0.5248,0.5403,0.5421432641403562
2024-05-07,0.5401,0.5443,0.5217,0.5245,0.5411536109079237
2024-05-08,0.5244,0.5297,0.5151,0.5168,0.5397875581432711
2024-05-09,0.5169,0.5235,0.5086,0.5208,0.5387225002184449
2024-05-10,0.5209,0.5209,0.497,0.5022,0.5366738651070414
2024-05-11,0.5021,0.5076,0.5004,0.5059,0.5349476848018924
2024-05-12,0.5059,0.5086,0.4956,0.4991,0.5329369017145233
2024-05-13,0.4993,0.5119,0.4866,0.5052,0.5313810720097096
2024-05-14,0.5052,0.516,0.497,0.4999,0.5296152227639578
2024-05-15,0.5001,0.52,0.4964,0.5192,0.5290310078027773
2024-05-16,0.5192,0.5226,0.5123,0.5159,0.5282944579096434
2024-05-17,0.5159,0.5294,0.5134,0.5237,0.5280367436859384
2024-05-18,0.5238,0.5258,0.5189,0.5213,0.5276588634869106
2024-05-19,0.5213,0.5237,0.5064,0.5096,0.5266458982849105
2024-05-20,0.5096,0.5381,0.5062,0.5378,0.5272715587482694
2024-05-21,0.5378,0.5571,0.5317,0.5369,0.5278116412371023
2024-05-22,0.5369,0.5381,0.5224,0.5266,0.5277436773582357
2024-05-23,0.5267,0.5483,0.5026,0.5286,0.5277917105602377
2024-05-24,0.5285,0.5372,0.5166,0.5359,0.5282465240680854
2024-05-25,0.5359,0.5425,0.5331,0.5416,0.5289955527350655
2024-05-26,0.5416,0.5419,0.5251,0.528,0.5289397097813764
2024-05-27,0.5281,0.5405,0.5232,0.5338,0.5292123351803477
2024-05-28,0.5335,0.535,0.5208,0.5282,0.5291555508588318
2024-05-29,0.5282,0.5327,0.5195,0.523,0.5288102711670252
2024-05-30,0.523,0.5278,0.5124,0.5186,0.5282375524351582
2024-05-31,0.5185,0.5255,0.5115,0.5171,0.5276128202608193
2024-06-01,0.5171,0.5214,0.5168,0.5184,0.5270960509556382
2024-06-02,0.5184,0.5205,0.5079,0.5133,0.5263221971883061
2024-06-03,0.5133,0.5229,0.5115,0.5198,0.5259563514197102
2024-06-04,0.5198,0.5304,0.5182,0.5258,0.5259475812915366
2024-06-05,0.5258,0.5331,0.5239,0.526,0.5259505215833022
2024-06-06,0.526,0.5279,0.5163,0.5214,0.5256952718540944
2024-06-07,0.5213,0.5277,0.4543,0.4988,0.5241866511977459
2024-06-08,0.4988,0.5007,0.4898,0.4927,0.5224204890018829
2024-06-09,0.4926,0.4994,0.4909,0.4987,0.5210899495717161
2024-06-10,0.4986,0.5059,0.4932,0.4967,0.5197218584837805
2024-06-11,0.4967,0.5021,0.4709,0.4803,0.5175105913754606
2024-06-12,0.4803,0.4981,0.474,0.4916,0.5160572038217195
2024-06-13,0.4916,0.4916,0.4754,0.4766,0.5138439541081592
2024-06-14,0.4767,0.4811,0.4601,0.4744,0.5116314476029843
2024-06-15,0.4743,0.5049,0.4737,0.4905,0.510446133748365
2024-06-16,0.4905,0.4993,0.4875,0.4889,0.5092375591478341
2024-06-17,0.489,0.5209,0.4837,0.5046,0.5089774272717402
2024-06-18,0.5045,0.5566,0.4703,0.4908,0.507957811541132
2024-06-19,0.4908,0.4994,0.4867,0.4932,0.5071300103032701
2024-06-20,0.4932,0.5021,0.488,0.4885,0.5060850080990176
2024-06-21,0.4884,0.4954,0.4793,0.4888,0.5051154503118797
2024-06-22,0.4887,0.4895,0.478,0.4865,0.5040712648126557
2024-06-23,0.4865,0.489,0.4743,0.4795,0.5026930033156135
2024-06-24,0.4796,0.4821,0.4616,0.4737,0.5010667158429009
2024-06-25,0.4738,0.4799,0.4728,0.4758,0.4996494448204893
2024-06-26,0.4757,0.4781,0.4651,0.4694,0.49795268051385455
2024-06-27,0.4694,0.4766,0.4653,0.4747,0.4966483815899032
2024-06-28,0.4746,0.4804,0.4685,0.4708,0.49519848353305307
2024-06-29,0.4708,0.4761,0.4707,0.4718,0.49388600616615036
2024-06-30,0.4719,0.4776,0.4694,0.4753,0.49284347226006503
2024-07-01,0.4753,0.4843,0.4747,0.4765,0.49192672748865124
2024-07-02,0.4765,0.4882,0.4754,0.4848,0.4915269721576818
2024-07-03,0.4847,0.4861,0.4607,0.4667,0.4901343674190178
2024-07-04,0.4668,0.4694,0.431,0.4329,0.4869239537295861
2024-07-05,0.4329,0.4334,0.3827,0.4252,0.4834617083173398
2024-07-06,0.4252,0.4498,0.4236,0.449,0.481528667993277
2024-07-07,0.449,0.4492,0.4182,0.4195,0.47804933042316067
2024-07-08,0.4195,0.4438,0.4032,0.4316,0.47544387546698513
2024-07-09,0.4316,0.4381,0.4269,0.4359,0.47322576413183287
2024-07-10,0.4358,0.4425,0.4312,0.4387,0.47128913076266427
2024-07-11,0.4387,0.4544,0.4364,0.4491,0.4700444889090115
2024-07-12,0.4491,0.478,0.4445,0.4747,0.4703056277528881
2024-07-13,0.4747,0.5662,0.4739,0.5259,0.4734240501582729
2024-07-14,0.5257,0.5401,0.5139,0.5204,0.47605904446758057
2024-07-15,0.5205,0.5404,0.5205,0.5375,0.47950541582849654
2024-07-16,0.5374,0.5946,0.5326,0.5795,0.4851143531920037
2024-07-17,0.5796,0.6378,0.5786,0.6261,0.49302257810889827
2024-07-18,0.626,0.637,0.5571,0.5696,0.49731799036952007
2024-07-19,0.5696,0.5869,0.5402,0.5736,0.5015968322440557
2024-07-20,0.5736,0.6049,0.5705,0.5941,0.5067855579952344
2024-07-21,0.594,0.6081,0.5722,0.5987,0.511941260699315
2024-07-22,0.5985,0.6252,0.5855,0.6084,0.5173518639973144
2024-07-23,0.6084,0.62,0.5801,0.5979,0.5218700031878474
2024-07-24,0.5976,0.6331,0.5914,0.6182,0.527273385009202
2024-07-25,0.618,0.6257,0.5836,0.5995,0.531324750018798
2024-07-26,0.5994,0.6093,0.5858,0.6035,0.5353732338411389
2024-07-27,0.6035,0.6095,0.5825,0.5959,0.5387683261155207
2024-07-28,0.5954,0.6146,0.5913,0.6014,0.5422814877402257
2024-07-29,0.6013,0.6123,0.5906,0.6017,0.5456144153808492
2024-07-30,0.6017,0.6375,0.5953,0.6275,0.5502075752895422
2024-07-31,0.6277,0.6587,0.6214,0.623,0.5542906779307663
2024-08-01,0.6229,0.6303,0.5673,0.5961,0.5566358636289719
2024-08-02,0.5962,0.5965,0.546,0.56,0.5568245661506508
2024-08-03,0.56,0.5772,0.5403,0.5555,0.5567502680410644
2024-08-04,0.5557,0.5588,0.5132,0.5229,0.5548515248765885
2024-08-05,0.5226,0.5256,0.4318,0.4891,0.5511633632862034
2024-08-06,0.4892,0.5192,0.4879,0.5063,0.5486468690513057
2024-08-07,0.5063,0.6459,0.4923,0.6005,0.5515554362102443
2024-08-08,0.6004,0.6427,0.5786,0.6167,0.5552095518895799
2024-08-09,0.6169,0.6248,0.5675,0.5809,0.5566505910767086
2024-08-10,0.5809,0.6023,0.5783,0.5842,0.5581959038587224
2024-08-11,0.5842,0.5938,0.5453,0.5531,0.5579100623224947
2024-08-12,0.5529,0.5803,0.5499,0.5684,0.5584984682233514
2024-08-13,0.5685,0.5837,0.5625,0.5772,0.55954748223952
2024-08-14,0.5772,0.583,0.5622,0.5689,0.5600720875143381
2024-08-15,0.5688,0.5775,0.5506,0.561,0.5601241363633235
2024-08-16,0.561,0.5717,0.5535,0.564,0.5603415429013648
2024-08-17,0.5639,0.5711,0.5612,0.5666,0.5606925948523208
2024-08-18,0.5667,0.5851,0.5628,0.563,0.5608220227713706
2024-08-19,0.5634,0.609,0.561,0.5988,0.5629522990981638
2024-08-20,0.5988,0.6151,0.5878,0.5938,0.5646826210310981
2024-08-21,0.5938,0.6057,0.5853,0.6002,0.5666748764677609
2024-08-22,0.6003,0.6045,0.5923,0.5979,0.5684263689461907
2024-08-23,0.5978,0.6162,0.5911,0.6115,0.5708424727842272
2024-08-24,0.6115,0.6313,0.6048,0.613,0.5732071901488003
2024-08-25,0.6128,0.6143,0.5956,0.6003,0.5747268911877701
2024-08-26,0.6002,0.6024,0.5787,0.5876,0.5754489749045999
2024-08-27,0.5876,0.6005,0.551,0.5669,0.5749694422863147
2024-08-28,0.5669,0.5845,0.556,0.5695,0.5746626480788941
2024-08-29,0.5695,0.5774,0.5575,0.5621,0.5739579788532744
2024-08-30,0.562,0.568,0.5461,0.5667,0.57355086131675
2024-08-31,0.5668,0.5722,0.5623,0.5663,0.5731441430200134
2024-09-01,0.5663,0.5667,0.5436,0.5473,0.5716944827147697
2024-09-02,0.5471,0.5688,0.5444,0.5677,0.5714704225465878
2024-09-03,0.5677,0.5739,0.5559,0.5573,0.5706755693739207
2024-09-04,0.5571,0.5662,0.532,0.5581,0.5699701753617032
2024-09-05,0.5581,0.5598,0.5398,0.5443,0.5685302733219378
2024-09-06,0.5443,0.5471,0.5024,0.5211,0.5658697949130223
2024-09-07,0.521,0.533,0.5193,0.5249,0.5635717003175316
2024-09-08,0.5249,0.5315,0.5206,0.5295,0.5616605364826838
2024-09-09,0.5294,0.5448,0.5268,0.5395,0.5604174985511504
2024-09-10,0.5396,0.5429,0.533,0.5408,0.5593171057497426
2024-09-11,0.5408,0.5414,0.523,0.5348,0.557941882165144
2024-09-12,0.5348,0.5882,0.5335,0.5627,0.5582087764687207
2024-09-13,0.5626,0.5748,0.5556,0.5732,0.5590496703479838
2024-09-14,0.5731,0.5994,0.5679,0.5959,0.5611166942028782
2024-09-15,0.5959,0.596,0.5687,0.5706,0.5616486356940675
2024-09-16,0.5707,0.5915,0.559,0.5866,0.5630482178882991
2024-09-17,0.5866,0.5936,0.5789,0.584,0.5642234538722481
2024-09-18,0.584,0.5859,0.562,0.5854,0.5654112974118769
2024-09-19,0.5854,0.5947,0.5808,0.5872,0.5666334782835856
2024-09-20,0.5871,0.6015,0.5758,0.5852,0.5676749192598984
2024-09-21,0.5852,0.6128,0.58,0.5977,0.5693590984442094
2024-09-22,0.5978,0.6052,0.5782,0.5877,0.570387883841629
2024-09-23,0.5876,0.5963,0.5786,0.5849,0.5712019034329764
2024-09-24,0.5848,0.5931,0.5813,0.5912,0.5723236448949082
2024-09-25,0.5913,0.5958,0.5812,0.5827,0.5729056796753733
2024-09-26,0.5827,0.5966,0.5734,0.5907,0.5739038060134541
2024-09-27,0.5907,0.5973,0.5827,0.5889,0.5747449786975395
2024-09-28,0.5889,0.6263,0.5857,0.6139,0.5769412782648802
2024-09-29,0.614,0.6655,0.6076,0.6413,0.5805513141683101
2024-09-30,0.6414,0.6548,0.6082,0.6113,0.5822760821071847
2024-10-01,0.6113,0.6341,0.5777,0.5968,0.5830907636862771
2024-10-02,0.5968,0.6066,0.5254,0.5381,0.5805671232557127
2024-10-03,0.538,0.545,0.507,0.5222,0.5772931705597557
2024-10-04,0.5221,0.5396,0.515,0.5341,0.5748703614625607
2024-10-05,0.5342,0.5356,0.5261,0.5297,0.5723366469596237
2024-10-06,0.5298,0.5374,0.5279,0.5339,0.5701806427415352
2024-10-07,0.5338,0.5458,0.5281,0.5285,0.5678426749771309
2024-10-08,0.5285,0.5355,0.5209,0.5309,0.5657704712502597
2024-10-09,0.5309,0.5348,0.5207,0.5241,0.5634330740293296
2024-10-10,0.5241,0.5443,0.522,0.5302,0.5615689507653376
2024-10-11,0.5302,0.5419,0.5292,0.5385,0.5602749576860456
2024-10-12,0.5387,0.5432,0.5351,0.5392,0.5590928124870931
2024-10-13,0.5392,0.5395,0.525,0.5318,0.5575618928179689
2024-10-14,0.5318,0.5523,0.528,0.5483,0.5570423709147185
2024-10-15,0.5483,0.5555,0.5315,0.5417,0.556181780331925
2024-10-16,0.5417,0.554,0.5373,0.5482,0.5557340630250132
2024-10-17,0.5483,0.5664,0.5417,0.544,0.5550758711332017
2024-10-18,0.544,0.5528,0.5395,0.5467,0.5546060483228946
2024-10-19,0.5467,0.5499,0.5407,0.5439,0.5540055202547864
2024-10-20,0.544,0.5487,0.5366,0.5481,0.5536742653825105
2024-10-21,0.5481,0.5604,0.5405,0.5446,0.5531652679545793
2024-10-22,0.5448,0.5493,0.5288,0.5337,0.5520734141344378
2024-10-23,0.5335,0.5338,0.5111,0.5254,0.5505772380125955
2024-10-24,0.5253,0.5336,0.5236,0.5318,0.5495239774510867
2024-10-25,0.5318,0.532,0.4861,0.5012,0.5468133690223962
2024-10-26,0.5013,0.5146,0.498,0.5129,0.544911086371709
2024-10-27,0.5128,0.5177,0.5102,0.5163,0.5433062215413741
2024-10-28,0.5163,0.5212,0.5108,0.5192,0.5419540454428717
2024-10-29,0.5191,0.531,0.5181,0.5284,0.5411937663483479
2024-10-30,0.5284,0.5284,0.5187,0.5227,0.5401564063960799
2024-10-31,0.5229,0.5236,0.5027,0.5088,0.5383975499452281
2024-11-01,0.5088,0.5239,0.5019,0.5128,0.5369617216402094
2024-11-02,0.5128,0.5159,0.5061,0.5104,0.5354718106197153
2024-11-03,0.5104,0.511,0.4916,0.5029,0.5336447792150079
2024-11-04,0.5029,0.5142,0.4955,0.5032,0.5319370581311349
2024-11-05,0.5032,0.5185,0.5016,0.5141,0.5309365345264246
2024-11-06,0.5142,0.5474,0.5133,0.5426,0.5315907664313297
2024-11-07,0.5425,0.58,0.5381,0.5562,0.5329711576874586
2024-11-08,0.5562,0.5605,0.5418,0.5541,0.5341563254050542
2024-11-09,0.5541,0.5622,0.5437,0.5596,0.5355835224706047
2024-11-10,0.5596,0.619,0.5557,0.5888,0.5385685630269704
2024-11-11,0.5889,0.6344,0.5707,0.6217,0.5432316057985703
2024-11-12,0.6217,0.745,0.5977,0.7054,0.5523280220990401
2024-11-13,0.7056,0.7496,0.6416,0.6908,0.5600952492652167
2024-11-14,0.6908,0.8597,0.6832,0.7738,0.5720824640837658
2024-11-15,0.7737,0.9277,0.7704,0.8929,0.5900778933260395
2024-11-16,0.8928,1.3,0.8784,1.1213,0.6198754223335524
2024-11-17,1.1213,1.1619,1.0031,1.0544,0.6442489537525677
2024-11-18,1.0547,1.1875,1.0546,1.1146,0.6706320781899584
2024-11-19,1.1148,1.1485,1.0687,1.1018,0.6948173266873993
2024-11-20,1.1019,1.151,1.0577,1.105,0.7178254619906105
2024-11-21,1.1053,1.2648,1.0796,1.2487,0.7476034950335644
2024-11-22,1.2481,1.5027,1.2473,1.4746,0.788382482152023
2024-11-23,1.4746,1.6362,1.4216,1.4705,0.8266440986571557
2024-11-24,1.4704,1.5147,1.2734,1.4351,0.8607738574572417
2024-11-25,1.4353,1.541,1.3567,1.4144,0.8918280828640548
2024-11-26,1.4143,1.4595,1.2825,1.3979,0.9202148770906008
2024-11-27,1.3979,1.5238,1.3519,1.4713,0.9511265705785001
2024-11-28,1.4712,1.5487,1.4312,1.5426,0.984303741575221
2024-11-29,1.5426,1.8169,1.5234,1.8022,1.030181515070266
2024-11-30,1.8021,1.9594,1.7647,1.9528,1.0819334107880294
2024-12-01,1.9529,2.3671,1.85,2.2978,1.1501342998439241
2024-12-02,2.2966,2.8754,2.21,2.7289,1.238691075165287
2024-12-03,2.729,2.9,2.15,2.5127,1.3101533080367294
2024-12-04,2.5128,2.683,2.2833,2.361,1.3690978331098222
2024-12-05,2.3611,2.498,2.1645,2.2466,1.418319045750571
2024-12-06,2.2467,2.4699,2.2279,2.4304,1.4750891071115677
2024-12-07,2.4303,2.6227,2.3875,2.6121,1.5388667899998576
2024-12-08,2.6121,2.6488,2.4867,2.6037,1.5985958525981812
2024-12-09,2.6037,2.6098,1.95,2.2129,1.633053653622783
2024-12-10,2.2137,2.4263,1.9,2.373,1.6745590285745653
2024-12-11,2.373,2.4724,2.2309,2.3957,1.7150095646960672
2024-12-12,2.3957,2.4855,2.3092,2.3388,1.749999474485319
2024-12-13,2.3386,2.4784,2.2846,2.4225,1.7877216506990627
2024-12-14,2.4227,2.5321,2.3545,2.4005,1.8220938660287183
2024-12-15,2.4007,2.4722,2.3681,2.4465,1.857118311840981
2024-12-16,2.4467,2.588,2.3343,2.4854,1.892360146833548
2024-12-17,2.4856,2.7267,2.4408,2.5676,1.930235978541179
2024-12-18,2.5677,2.5924,2.2469,2.3092,1.9514929843780116
2024-12-19,2.3092,2.4304,2.152,2.2376,1.9675414168324266
2024-12-20,2.2373,2.3532,1.95,2.2786,1.9849894428812753
2024-12-21,2.279,2.3849,2.1911,2.2365,1.9990972765487485
2024-12-22,2.237,2.293,2.1571,2.201,2.0104224871963297
2024-12-23,2.2008,2.2759,2.1294,2.2592,2.0243770178174243
2024-12-24,2.2592,2.3494,2.21,2.3223,2.041088236330472
2024-12-25,2.3223,2.3308,2.26,2.2958,2.0553756333931017
2024-12-26,2.296,2.3144,2.1265,2.1537,2.060890884225674
2024-12-27,2.1539,2.2353,2.111,2.1437,2.06553584722396
2024-12-28,2.1437,2.2034,2.1313,2.1806,2.0719900730308187
2024-12-29,2.1807,2.1944,2.07,2.0903,2.07301712098898
2024-12-30,2.0906,2.1486,1.9926,2.0553,2.072023324947802
2024-12-31,2.0553,2.1471,2.01,2.0793,2.07243149119921
2025-01-01,2.0795,2.35,2.0765,2.3285,2.0867949913680484
2025-01-02,2.3284,2.4476,2.3251,2.4008,2.1044082895265106
2025-01-03,2.4005,2.4785,2.3947,2.4538,2.1240065131264334
2025-01-04,2.4538,2.5074,2.4001,2.4199,2.1406038923534627
2025-01-05,2.4199,2.4283,2.3268,2.399,2.1550979531545726
2025-01-06,2.399,2.4599,2.365,2.4212,2.1700242586682505
2025-01-07,2.4212,2.4675,2.2561,2.2709,2.1756826222617898
2025-01-08,2.2707,2.3999,2.2,2.3727,2.1867338020872964
2025-01-09,2.3726,2.395,2.2338,2.2726,2.191550244194889
2025-01-10,2.2728,2.37,2.2462,2.3413,2.199950069120115
2025-01-11,2.3415,2.6013,2.3243,2.576,2.2210436165890344
2025-01-12,2.5755,2.5823,2.4688,2.5033,2.236876057796919
2025-01-13,2.5037,2.5627,2.3301,2.5227,2.2529086119806347
2025-01-14,2.5225,2.693,2.5118,2.6674,2.2761584334822307
2025-01-15,2.6673,3.2,2.6482,3.1428,2.324770448857711
2025-01-16,3.1425,3.4,2.9169,3.2452,2.376399562000714
2025-01-17,3.2451,3.3529,3.175,3.2942,2.4278812018474096
2025-01-18,3.2942,3.3149,3.0574,3.2663,2.4749101340859716
2025-01-19,3.2663,3.2899,2.8272,2.9565,2.501923671020919
2025-01-20,2.9566,3.365,2.9062,3.1022,2.535594617882051
2025-01-21,3.1022,3.24,3.01,3.1748,2.5714491892113047
2025-01-22,3.1748,3.285,3.1314,3.1792,2.6055393977818797
2025-01-23,3.1794,3.1858,3.0362,3.12,2.6343967335840315
2025-01-24,3.12,3.2048,3.0549,3.1009,2.6605640267717394
2025-01-25,3.1009,3.1441,3.0774,3.1073,2.6856225248156447
2025-01-26,3.1073,3.1437,3.011,3.0211,2.7044402654039676
2025-01-27,3.0212,3.0597,2.6524,3.0547,2.7240871785701675
2025-01-28,3.0552,3.2145,3.0031,3.0557,2.7426881414097717
2025-01-29,3.0558,3.1413,2.9662,3.0685,2.7609637142546584
2025-01-30,3.0681,3.155,3.0466,3.128,2.7815516646315412
2025-01-31,3.1281,3.1343,3.0006,3.0353,2.795785020677453
2025-02-01,3.0356,3.0725,2.827,2.878,2.8003966571293963
2025-02-02,2.878,2.9554,2.4717,2.5797,2.788017249420164
2025-02-03,2.58,2.7864,1.728,2.7034,2.783270863845362
2025-02-04,2.7033,2.8013,2.4199,2.5283,2.7689689332290484
2025-02-05,2.5285,2.5703,2.3407,2.3813,2.7472236478990952
2025-02-06,2.3813,2.4709,2.2799,2.3252,2.7235513237767712
2025-02-07,2.3251,2.5435,2.2675,2.3975,2.7052623187521005
2025-02-08,2.3971,2.4368,2.3511,2.4195,2.689233221176355
2025-02-09,2.4195,2.5104,2.3104,2.3938,2.672661659362215
2025-02-10,2.3936,2.4737,2.3243,2.4241,2.6587192364811827
2025-02-11,2.4237,2.5292,2.37,2.4126,2.6449138149894598
2025-02-12,2.4122,2.4982,2.3315,2.4738,2.6353156284650727
2025-02-13,2.4738,2.6121,2.4145,2.5607,2.6311302579285893
2025-02-14,2.5604,2.8373,2.5301,2.739,2.637180931889676
2025-02-15,2.7388,2.8341,2.7128,2.7626,2.6442159898685533
2025-02-16,2.7625,2.8055,2.69,2.7288,2.6489605109714947
2025-02-17,2.7289,2.7644,2.607,2.66,2.649579742532874
2025-02-18,2.6599,2.6702,2.4687,2.561,2.6446110911638123
2025-02-19,2.5615,2.747,2.5113,2.7377,2.6498326725446986
2025-02-20,2.7377,2.7485,2.6672,2.6884,2.651996006946926
2025-02-21,2.6884,2.7158,2.5055,2.571,2.6474527455950883
2025-02-22,2.571,2.6099,2.5508,2.5739,2.6433269947219284
2025-02-23,2.574,2.6021,2.5205,2.5761,2.639556070469817
2025-02-24,2.5759,2.6077,2.235,2.2774,2.6192418631363963
2025-02-25,2.2779,2.365,2.063,2.3198,2.6024454469278617
2025-02-26,2.3199,2.3292,2.1487,2.1954,2.579613286218004
2025-02-27,2.1955,2.2557,2.1389,2.1967,2.5581347565971617
2025-02-28,2.1966,2.2,1.95,2.1448,2.5349498133412585
2025-03-01,2.1448,2.2198,2.1207,2.1911,2.5156624481157888
2025-03-02,2.1911,3,2.1735,2.9398,2.5394533462103253
2025-03-03,2.9397,2.9679,2.2961,2.3858,2.530834559485748
2025-03-04,2.3861,2.538,2.2113,2.4537,2.526507896033903
2025-03-05,2.4539,2.54,2.4063,2.4998,2.5250097857391665
2025-03-06,2.5,2.6459,2.4707,2.5998,2.5292049492139483
2025-03-07,2.5998,2.62,2.3421,2.3843,2.5210768811736908
2025-03-08,2.3844,2.4098,2.3012,2.3258,2.510123329997702
2025-03-09,2.3257,2.3505,2.0829,2.138,2.4892500350412776
2025-03-10,2.1385,2.2611,1.9909,2.02,2.462928668977533
2025-03-11,2.0213,2.2143,1.89,2.1697,2.446480765812511
2025-03-12,2.17,2.2764,2.1322,2.2393,2.434859497040867
2025-03-13,2.239,2.3472,2.2136,2.2517,2.4245856391620073
2025-03-14,2.252,2.3906,2.2361,2.3567,2.420777769954928
2025-03-15,2.3564,2.4754,2.3526,2.3913,2.4191242907523995
2025-03-16,2.391,2.4115,2.2671,2.2934,2.412072112099483
2025-03-17,2.2934,2.3788,2.291,2.3375,2.4078891825008855
2025-03-18,2.3379,2.3397,2.2176,2.2846,2.400973594942069
2025-03-19,2.2844,2.5939,2.2646,2.5477,2.409203832833063
2025-03-20,2.5479,2.5642,2.3878,2.4345,2.410622755851262
2025-03-21,2.4341,2.4664,2.355,2.38,2.40890505162867
2025-03-22,2.3797,2.4162,2.3588,2.3708,2.4067676473923383
2025-03-23,2.3708,2.442,2.365,2.4398,2.4086205117077486
2025-03-24,2.4398,2.505,2.4141,2.4501,2.410947196234008
2025-03-25,2.4504,2.48,2.4075,2.4499,2.41313215293208
2025-03-26,2.4498,2.4789,2.3277,2.3494,2.409557262783786
2025-03-27,2.3493,2.3907,2.3,2.3404,2.405678065141236
2025-03-28,2.3406,2.343,2.1519,2.2067,2.394516905631088
2025-03-29,2.2067,2.225,2.0601,2.1343,2.3799207118801635
2025-03-30,2.1343,2.215,2.1074,2.1369,2.366289094105416
2025-03-31,2.1369,2.141,2.0234,2.0894,2.350757717097919
2025-04-01,2.089,2.1999,2.0645,2.1389,2.33887410685019
2025-04-02,2.139,2.2352,1.985,2.0235,2.321184012671081
2025-04-03,2.0234,2.0823,1.9595,2.0639,2.306752331958966
2025-04-04,2.0641,2.1604,2.0159,2.1296,2.296815430455852
2025-04-05,2.1295,2.1771,2.113,2.1434,2.288209988999678
2025-04-06,2.1436,2.1586,1.86,1.9208,2.2676010767060726
2025-04-07,1.9209,2.0152,1.6106,1.8983,2.24688608874265
2025-04-08,1.8978,1.9753,1.775,1.7949,2.221533099058869
2025-04-09,1.7949,2.09,1.7203,2.0522,2.212034797185232
2025-04-10,2.0523,2.0561,1.9211,1.9646,2.198155582721139
2025-04-11,1.9642,2.0643,1.946,2.0214,2.1882409358395374
2025-04-12,2.0213,2.1858,2.0021,2.1595,2.1866287874394197
2025-04-13,2.1597,2.2465,2.0789,2.1189,2.182829716423709
2025-04-14,2.119,2.1796,2.1035,2.127,2.1796980929959258
2025-04-15,2.1274,2.1853,2.0831,2.0841,2.1743357654246123
2025-04-16,2.084,2.1271,2.0356,2.0831,2.1692181313265437
2025-04-17,2.0831,2.1144,2.052,2.0673,2.1635012975644687
2025-04-18,2.0673,2.0891,2.0436,2.0614,2.1577741895664024
2025-04-19,2.0615,2.0974,2.0583,2.0875,2.153832340807142
2025-04-20,2.0872,2.0941,2.0395,2.0784,2.149601158905887
2025-04-21,2.0784,2.141,2.06,2.0853,2.145994351840362
2025-04-22,2.0852,2.25,2.0641,2.2152,2.149876263535325
2025-04-23,2.2152,2.3016,2.1906,2.219,2.153753580605787
2025-04-24,2.219,2.236,2.1184,2.206,2.1566842082620514
2025-04-25,2.206,2.2209,2.1643,2.1827,2.1581434967578157
2025-04-26,2.1825,2.2492,2.1809,2.1922,2.1600538081520595
2025-04-27,2.1923,2.295,2.16,2.2529,2.165261774951762
2025-04-28,2.2528,2.3615,2.2196,2.2957,2.1725783695470033
2025-04-29,2.2956,2.3155,2.2215,2.2389,2.176298509733981
2025-04-30,2.2386,2.2598,2.1249,2.1908,2.1771119332934017
2025-05-01,2.191,2.2601,2.1869,2.2131,2.1791305907403373
2025-05-02,2.213,2.2419,2.1925,2.21,2.180862130347412
2025-05-03,2.21,2.2205,2.1769,2.1877,2.1812456829457747
2025-05-04,2.1877,2.2189,2.1514,2.1562,2.1798408101915845
2025-05-05,2.1563,2.2,2.1065,2.1303,2.1770619466800825
2025-05-06,2.1302,2.1596,2.0775,2.155,2.1758244388883266
2025-05-07,2.1549,2.1722,2.1044,2.1268,2.173074539888456
2025-05-08,2.1268,2.3296,2.1178,2.3269,2.181702980896806
2025-05-09,2.3268,2.4288,2.287,2.3441,2.1908122213193457
2025-05-10,2.3439,2.4765,2.3357,2.4711,2.206534238740609
2025-05-11,2.4709,2.4837,2.3289,2.368,2.2155912426649578
2025-05-12,2.3679,2.6562,2.3513,2.5443,2.2340293095463233
2025-05-13,2.5441,2.6069,2.4218,2.5828,2.253592698635743
2025-05-14,2.583,2.65,2.5192,2.5508,2.270263772885824
2025-05-15,2.5509,2.5724,2.3539,2.3859,2.2767500877218683
2025-05-16,2.3861,2.4409,2.3474,2.381,2.2825977167006166
2025-05-17,2.3806,2.39,2.3,2.3542,2.286614061440063
2025-05-18,2.3542,2.4505,2.3333,2.4286,2.2945783951335312
2025-05-19,2.429,2.4412,2.2837,2.3808,2.299414772874226
2025-05-20,2.3809,2.4098,2.3153,2.3569,2.3026392578895587
2025-05-21,2.3569,2.4301,2.3319,2.3958,2.3078648685720244
2025-05-22,2.3964,2.4555,2.3887,2.4314,2.314794251999268
2025-05-23,2.4314,2.48,2.2848,2.297,2.3137961294937215
2025-05-24,2.2969,2.3603,2.2862,2.3313,2.3147779638010704
2025-05-25,2.3313,2.345,2.2666,2.343,2.3163610058690183
2025-05-26,2.3431,2.36,2.2965,2.3111,2.316065903362889
2025-05-27,2.311,2.3552,2.2682,2.3181,2.3161800007484965
2025-05-28,2.318,2.3243,2.2268,2.2749,2.3138645059596312
2025-05-29,2.2747,2.315,2.23,2.2445,2.3099736835475806
2025-05-30,2.2444,2.2527,2.1307,2.1408,2.300484323674403
2025-05-31,2.1408,2.2082,2.0806,2.1753,2.2934624330770235
2025-06-01,2.1752,2.1893,2.1247,2.1806,2.2871317070375383
2025-06-02,2.1807,2.2056,2.1369,2.1974,2.282098439201443
2025-06-03,2.1976,2.2843,2.1847,2.2461,2.2800791999362584
2025-06-04,2.2459,2.2677,2.1958,2.2021,2.2757051585646906
2025-06-05,2.2018,2.2293,2.06,2.0951,2.2655745796907567
2025-06-06,2.095,2.1926,2.0823,2.1615,2.2597367855396495
2025-06-07,2.1613,2.1922,2.1485,2.178,2.255151972130155
2025-06-08,2.1781,2.2965,2.1678,2.2681,2.255878258237594
2025-06-09,2.2678,2.33,2.2234,2.3217,2.2595703584624327
2025-06-10,2.3217,2.3287,2.2605,2.3074,2.262253238397641
2025-06-11,2.3072,2.3385,2.2528,2.2709,2.2627382561076166
2025-06-12,2.271,2.2742,2.1714,2.1912,2.258725502807758
2025-06-13,2.191,2.1931,2.0851,2.1484,2.252537079304893
2025-06-14,2.1485,2.1801,2.1101,2.1406,2.2462582585899806
2025-06-15,2.1405,2.1769,2.1386,2.1658,2.241745160840266
2025-06-16,2.1658,2.3379,2.1517,2.239,2.241591178148769
2025-06-17,2.2392,2.2581,2.141,2.1598,2.2370033137266616
2025-06-18,2.1599,2.1832,2.1187,2.1708,2.2332898102101852
2025-06-19,2.171,2.1861,2.1445,2.1649,2.229453660833203
2025-06-20,2.1649,2.1802,2.0862,2.1199,2.223308531807991
2025-06-21,2.12,2.18,2,2.0648,2.2144174060149413
2025-06-22,2.0647,2.09,1.9093,2.0184,2.2034223170148284
2025-06-23,2.0181,2.1732,1.9576,2.1599,2.20098104529923
2025-06-24,2.1599,2.218,2.1327,2.1907,2.200404356675616
2025-06-25,2.1907,2.234,2.1708,2.187,2.1996524739850227
2025-06-26,2.187,2.214,2.0956,2.1062,2.194410499358199
2025-06-27,2.1066,2.1561,2.0682,2.1431,2.1915323697137294
2025-06-28,2.1432,2.2091,2.1348,2.1864,2.191244482719757
2025-06-29,2.1863,2.22,2.1764,2.2067,2.1921114199550455
2025-06-30,2.2067,2.33,2.1646,2.2373,2.1946461563822033
2025-07-01,2.2369,2.2542,2.1482,2.1723,2.1933927065828827
2025-07-02,2.1722,2.2928,2.1574,2.2342,2.195681686077595
2025-07-03,2.2341,2.3139,2.225,2.2573,2.199138005898306
2025-07-04,2.2574,2.2688,2.1972,2.2211,2.200369907108904
2025-07-05,2.221,2.2359,2.2025,2.2184,2.201381258498804
2025-07-06,2.2184,2.2906,2.2093,2.2714,2.205308778560073
2025-07-07,2.2714,2.3542,2.2555,2.2704,2.2089599021383712
2025-07-08,2.2703,2.323,2.2487,2.3114,2.214706014262123
2025-07-09,2.3112,2.4292,2.298,2.4046,2.2253576258522436
2025-07-10,2.4047,2.57,2.3942,2.5477,2.2434385869480766
2025-07-11,2.5474,2.977,2.5106,2.7334,2.2709217041500067
2025-07-12,2.7335,2.8488,2.6633,2.7401,2.297239046189513
2025-07-13,2.7401,2.896,2.7241,2.8373,2.327532367447828
2025-07-14,2.8373,3.0354,2.8218,2.959,2.3629529097443243
2025-07-15,2.959,2.9594,2.8032,2.9196,2.3941765873933822
2025-07-16,2.9195,3.1023,2.8778,3.0391,2.430351896841798
2025-07-17,3.0394,3.5526,2.9869,3.4846,2.489487215271331
2025-07-18,3.4844,3.6662,3.3443,3.4158,2.541446333173635
2025-07-19,3.4156,3.4875,3.3553,3.4267,2.5911023461385767
2025-07-20,3.4267,3.5593,3.387,3.4555,2.6395884950419584
2025-07-21,3.456,3.6531,3.41,3.5512,2.6907229827097345
2025-07-22,3.5509,3.5807,3.4238,3.5521,2.7390396968235633
2025-07-23,3.5523,3.5542,3.05,3.1861,2.7641163873163848
2025-07-24,3.1861,3.2682,2.96,3.1468,2.785582033994825
2025-07-25,3.1475,3.1637,3,3.1428,2.8056192511405658
2025-07-26,3.1428,3.22,3.1076,3.1672,2.8259011872974695
2025-07-27,3.1671,3.2528,3.157,3.24,2.8491289883028474
2025-07-28,3.2402,3.3319,3.1076,3.1239,2.864541556960301
2025-07-29,3.1239,3.186,3.0527,3.1279,2.8793139671203045
2025-07-30,3.1282,3.1533,3.0404,3.1321,2.8934933452990252